DANE,PRESTACION,COMUNA,NOMBRE COMUNA,NOMBRE,ISCE Primaria,ISCE Secundaria,ISCE Media,ISCE TOTAL
105001000001,OFICIAL,2, SANTA CRUZ,INST EDUC JOSE MARIA VELAZ,4.6,5.67,4.38,4.93
105001000043,OFICIAL,2, SANTA CRUZ,INST EDUC BARRIO SANTA CRUZ,4,4.76,3.82,4.23
105001000132,OFICIAL,16, BELEN,INST EDUC JOSE MARIA BERNAL,6.29,7.17,7.48,6.84
105001000141,OFICIAL,4, ARANJUEZ,INST EDUC CAMILO TORRES RESTREPO,7.78,6.45,4.15,6.59
105001000167,COBERTURA CONTRATADA,1, POPULAR,COL LA PASTORA-EN ADMINISTRACION (AC),6.41,3.74,no reporta,
105001000175,OFICIAL,3, MANRIQUE,INST EDUC GABRIEL RESTREPO MORENO,5.94,4.21,4.07,4.96
105001000205,OFICIAL,4, ARANJUEZ,INST EDUC SAN AGUSTIN,3.92,5.39,4.27,4.5
105001000256,OFICIAL,10, LA CANDELARIA,INST EDUC HECTOR ABAD GOMEZ,4.45,6.24,7.01,5.59
105001000353,OFICIAL,8, VILLA HERMOSA,INST EDUC JUAN DE LA CRUZ POSADA,4.27,4.17,6.91,4.76
105001000396,OFICIAL,15, GUAYABAL,INST EDUC JOSE ACEVEDO Y GOMEZ,6.9,3.91,4.34,5.34
105001000418,OFICIAL,9, BUENOS AIRES,INST EDUC LA MILAGROSA,4.5,3.41,7.35,4.69
105001000485,OFICIAL,15, GUAYABAL,INST EDUC LA SALLE DE CAMPOAMOR,4.27,4.96,7.58,5.18
105001000566,OFICIAL,8, VILLA HERMOSA,INST EDUC CARACAS,4.51,3.89,4.46,4.28
105001000621,OFICIAL,8, VILLA HERMOSA,INST EDUC ESCUELA NORMAL SUPERIOR DE MEDELLIN,5.2,5.70,7.64,5.86
105001000795,OFICIAL,6, DOCE DE OCTUBRE,INST EDUC ALFREDO COCK ARANGO,4.74,3.97,4.07,4.34
105001000809,OFICIAL,13, SAN JAVIER,INST EDUC PERPETUO SOCORRO,5.46,3.62,7.26,5.18
105001000841,OFICIAL,5, CASTILLA,I.E. JESUS MARIA - EL ROSAL,6.66,5.72,7.71,6.54
105001000868,OFICIAL,16, BELEN,INST EDUC REPUBLICA DE VENEZUELA,5.15,5.42,4.23,5.06
105001000876,OFICIAL,4, ARANJUEZ,I.E. JAVIERA LONDOÑO-SEVILLA,5.8,7.30,7.46,6.66
105001000931,OFICIAL,5, CASTILLA,INST EDUC DIEGO ECHAVARRIA MISAS,5.77,4.53,7.39,5.66
105001000981,OFICIAL,4, ARANJUEZ,INST EDUC GILBERTO ALZATE AVENDA?O,4.2,4.41,7.42,4.92
105001000990,OFICIAL,9, BUENOS AIRES,INST EDUC GONZALO RESTREPO JARAMILLO,4.43,5.55,4.32,4.8
105001001023,OFICIAL,16, BELEN,INST EDUC ANTONIO RICAURTE,3.83,4.34,7.35,4.71
105001001121,OFICIAL,3, MANRIQUE,INST EDUC JOSE ROBERTO VASQUEZ,4.23,3.87,4.10,4.08
105001001155,OFICIAL,3, MANRIQUE,INST EDUC SAN JUAN BAUTISTA DE LA SALLE,6.82,3.83,4.30,5.27
105001001163,OFICIAL,2, SANTA CRUZ,INSTITUCION EDUCATIVA LA ASUNCION,5.55,7.36,7.80,6.63
105001001198,OFICIAL,7, ROBLEDO,INST EDUC AURES,4.71,5.43,4.07,4.83
105001001236,OFICIAL,3, MANRIQUE,I.E. MONTECARLO GUILLERMO GAVIRIA CORREA,3.95,4.05,5.68,4.33
105001001252,OFICIAL,12, LA AMERICA,INST EDUC CRISTOBAL COLON,5.29,5.06,7.30,5.61
105001001279,OFICIAL,2, SANTA CRUZ,INST EDUC CIRO MENDIA,4.31,3.77,6.05,4.47
105001001317,OFICIAL,9, BUENOS AIRES,I.E. MADRE MARIA MAZARELLO,5.94,5.85,7.54,6.23
105001001368,OFICIAL,3, MANRIQUE,INST EDUC ALVARO MARIN VELASCO,5.45,4.05,3.87,4.65
105001001473,OFICIAL,3, MANRIQUE,INST EDUC MANUELA BELTRAN,4.21,4.60,4.06,4.32
105001001490,OFICIAL,12, LA AMERICA,INST EDUC LOLA GONZALEZ,6.18,6.35,7.47,6.5
105001001562,OFICIAL,10, LA CANDELARIA,INST EDUC JAVIERA LONDO?O,6.29,5.99,7.21,6.37
105001001635,OFICIAL,16, BELEN,INST EDUC YERMO Y PARRES,5.88,7.26,7.55,6.7
105001001651,OFICIAL,8, VILLA HERMOSA,INST EDUC JOSE CELESTINO MUTIS,4.88,4.61,4.26,4.66
105001001660,OFICIAL,3, MANRIQUE,INST EDUC JOSE ANTONIO GALAN,4.8,4.27,4.12,4.48
105001001716,OFICIAL,14, POBLADO,INSTITUCION EDUCATIVA SANTA CATALINA DE SENA,6.17,4.39,4.37,5.19
105001001791,OFICIAL,7, ROBLEDO,INST EDUC MONSEÑOR GERARDO VALENCIA CANO,6.14,5.48,6.96,6.07
105001001805,OFICIAL,1, POPULAR,INST EDUC FE Y ALEGRIA POPULAR NRO. 1,4.4,5.12,4.49,4.67
105001001848,OFICIAL,5, CASTILLA,INST EDUC SOR JUANA INES DE LA CRUZ,6.73,5.67,7.45,6.5
105001001881,OFICIAL,13, SAN JAVIER,I.E. CARLOS VIECO ORTIZ,4.83,5.55,7.16,5.55
105001002003,OFICIAL,16, BELEN,INST EDUC SAN ROBERTO BELARMINO,4.19,3.91,4.95,4.24
105001002011,OFICIAL,9, BUENOS AIRES,INST EDUC FEDERICO OZANAM,6.72,4.88,7.40,6.21
105001002020,OFICIAL,12, LA AMERICA,INST EDUC RAFAEL URIBE URIBE,6.95,4.91,7.54,6.35
105001002038,OFICIAL,4, ARANJUEZ,INST EDUC JOSE EUSEBIO CARO,4.46,3.98,4.23,4.25
105001002071,OFICIAL,15, GUAYABAL,I.E. BENJAMIN HERRERA,5.05,4.66,6.40,5.18
105001002101,OFICIAL,4, ARANJUEZ,INST EDUC JUAN DE DIOS COCK,4.8,4.80,4.21,4.68
105001002119,OFICIAL,11, LAURELES ESTADIO,I.E. MARCO FIDEL SUAREZ,4.89,5.92,7.04,5.68
105001002135,OFICIAL,3, MANRIQUE,INST EDUC RAMON MUNERA LOPERA,4.22,6.90,7.13,5.74
105001002305,OFICIAL,7, ROBLEDO,INST EDUC MARISCAL ROBLEDO,4.64,6.08,4.33,5.08
105001002348,OFICIAL,1, POPULAR,INST EDUC FE Y ALEGRIA SANTO DOMINGO SAVIO,4.45,3.59,4.40,4.14
105001002356,OFICIAL,8, VILLA HERMOSA,INST EDUC GABRIEL GARCIA MARQUEZ,5.17,6.29,5.37,5.6
105001002461,OFICIAL,11, LAURELES ESTADIO,INST EDUC LUCRECIO JARAMILLO VELEZ,5.78,7.09,7.71,6.62
105001002470,OFICIAL,7, ROBLEDO,INST EDUC SAN VICENTE DE PAUL,5.83,5.54,4.29,5.42
105001002488,OFICIAL,3, MANRIQUE,INST EDUC PEDRO LUIS VILLA,4.61,3.93,4.00,4.25
105001002496,OFICIAL,15, GUAYABAL,INST EDUC CRISTO REY,7,3.72,7.13,5.88
105001002526,OFICIAL,12, LA AMERICA,INST EDUC SAMUEL BARRIENTOS RESTREPO,5.05,3.94,7.14,5.08
105001002780,OFICIAL,8, VILLA HERMOSA,INST EDUC SAN FRANCISCO DE ASIS,5.15,no reporta,5.28,
105001002798,OFICIAL,11, LAURELES ESTADIO,INST EDUC MATER DEI,6.2,7.61,8.01,7.06
105001002895,OFICIAL,12, LA AMERICA,INST EDUC FRANCISCO ANTONIO ZEA,5.56,4.03,7.59,5.43
105001002976,OFICIAL,12, LA AMERICA,INST EDUC LA PIEDAD,3.88,3.82,4.01,3.89
105001003123,OFICIAL,16, BELEN,I.E. FATIMA NUTIBARA,6.67,5.63,5.80,6.13
105001003131,OFICIAL,2, SANTA CRUZ,INST EDUC REPUBLICA DE HONDURAS,4.14,7.21,7.43,5.87
105001003221,OFICIAL,9, BUENOS AIRES,INSTITUCION EDUCATIVA MANUEL JOSE CAYZEDO,5.98,5.31,5.39,5.63
105001003271,OFICIAL,16, BELEN,INSTITUCION EDUCATIVA OCTAVIO HARRY - JACQUELINE KENNEDY,5.95,5.52,4.84,5.58
105001003280,OFICIAL,5, CASTILLA,INST EDUC MARIA MONTESSORI,4.96,5.40,7.37,5.6
105001003298,OFICIAL,4, ARANJUEZ,INST EDUC LORENZA VILLEGAS DE SANTOS,4.98,4.48,4.39,4.69
105001003387,OFICIAL,12, LA AMERICA,INST EDUC SANTA ROSA DE LIMA,4.44,4.41,3.90,4.32
105001003425,OFICIAL,4, ARANJUEZ,INST EDUC JOSE MARIA BRAVO MARQUEZ,4.22,4.01,7.34,4.77
105001003441,OFICIAL,7, ROBLEDO,INS TEC INDUSTRIAL PASCUAL BRAVO,,7.43,7.63,
105001003450,OFICIAL,16, BELEN,INST EDUC ROSALIA SUAREZ,6.74,5.85,7.84,6.65
105001004472,OFICIAL,15, GUAYABAL,INST EDUC LA PRESENTACION,6.87,7.61,7.67,7.29
105001004791,OFICIAL,15, GUAYABAL,INST EDUC SANTO ANGEL,7.4,7.52,8.02,7.57
105001005291,OFICIAL,4, ARANJUEZ,INST EDUC CAMPO VALDES,4.17,5.38,7.50,5.26
105001005339,OFICIAL,4, ARANJUEZ,INST EDUC MONSEÑOR FRANCISCO CRISTOBAL TORO,4.46,4.93,4.20,4.57
105001005347,OFICIAL,10, LA CANDELARIA,INST EDUC TULIO OSPINA,6.67,5.97,7.74,6.64
105001005380,OFICIAL,2, SANTA CRUZ,I.E. MANUEL URIBE ÁNGEL,3.88,4.62,4.00,4.16
105001005410,OFICIAL,8, VILLA HERMOSA,INST EDUC JUAN DE DIOS CARVAJAL,4.46,5.65,5.17,5.02
105001005495,OFICIAL,5, CASTILLA,INST EDUC REPUBLICA DE URUGUAY,4.72,5.05,4.49,4.79
105001005525,OFICIAL,3, MANRIQUE,INST EDUC ENRIQUE OLAYA HERRERA,4.38,3.86,4.72,4.27
105001005878,OFICIAL,4, ARANJUEZ,INST EDUC FRANCISCO MIRANDA,3.87,6.43,4.08,4.81
105001006068,OFICIAL,5, CASTILLA,INST EDUC DINAMARCA,4.02,4.39,7.58,4.86
105001006092,OFICIAL,5, CASTILLA,INST EDUC JULIO CESAR GARCIA,5.58,4.03,7.58,5.44
105001006181,OFICIAL,16, BELEN,INST EDUC PEDRO OCTAVIO AMADO,5.75,4.12,4.80,4.99
105001006246,OFICIAL,7, ROBLEDO,INST EDUC JORGE ROBLEDO,5.62,4.01,7.14,5.36
105001006483,OFICIAL,5, CASTILLA,INST EDUC RODRIGO CORREA PALACIO,7.04,4.69,4.04,5.62
105001006556,OFICIAL,13, SAN JAVIER,I.E. JUAN XXIII,5.37,3.68,5.12,4.73
105001006718,OFICIAL,2, SANTA CRUZ,INST EDUC ASIA IGNACIANA,4.24,6.60,7.32,5.68
105001006980,OFICIAL,12, LA AMERICA,INST EDUC CONCEJO DE MEDELLIN,4.52,4.71,7.33,5.15
105001007111,OFICIAL,5, CASTILLA,INST EDUC SEBASTIAN DE BELALCAZAR,5.15,3.83,4.63,4.58
105001007188,OFICIAL,12, LA AMERICA,INST EDUC BENEDIKTA ZUR NIEDEN,4.12,6.84,4.14,5.08
105001007218,OFICIAL,1, POPULAR,INST EDUC MARIA DE LOS ANGELES CANO MARQUEZ,4.06,4.22,4.21,4.15
105001007421,OFICIAL,15, GUAYABAL,INST EDUC OCTAVIO CALDERON MEJIA,6.31,7.53,7.26,6.93
105001007439,OFICIAL,5, CASTILLA,INST EDUC PEDRO CLAVER AGUIRRE,5.49,5.14,4.13,5.1
105001007889,OFICIAL,6, DOCE DE OCTUBRE,INST EDUC JUVENIL NUEVO FUTURO,4.13,6.00,7.30,5.42
105001007919,COBERTURA CONTRATADA,1, POPULAR,COL SAGRADA FAMILIA ALDEA PABLO VI,6.73,7.29,4.30,6.44
105001007978,OFICIAL,2, SANTA CRUZ,INST EDUC PABLO NERUDA,3.79,4.44,4.97,4.25
105001008150,OFICIAL,7, ROBLEDO,INST EDUC EL DIAMANTE,5.25,4.07,7.17,5.22
105001008249,OFICIAL,7, ROBLEDO,INST EDUC BELLO HORIZONTE,4.57,4.84,5.91,4.93
105001008389,OFICIAL,9, BUENOS AIRES,INST EDUC LORETO-GABRIELA GOMEZ CARVAJAL,5.12,4.47,4.16,4.7
105001008451,OFICIAL,9, BUENOS AIRES,INST EDUC RAMON GIRALDO CEBALLOS,3.69,3.95,4.27,3.9
105001008486,OFICIAL,16, BELEN,I.E. CAPILLA DEL ROSARIO,4.78,4.29,5.06,4.66
105001009652,OFICIAL,3, MANRIQUE,INST EDUC SAN LORENZO DE ABURRA,4,4.37,4.85,4.3
105001009695,OFICIAL,4, ARANJUEZ,INST EDUC SAN JUAN BOSCO,6.63,7.24,4.27,6.37
105001009709,OFICIAL,8, VILLA HERMOSA,INST EDUC FELIX HENAO BOTERO,4.93,6.68,3.86,5.33
105001009865,OFICIAL,3, MANRIQUE,INST EDUC HERNAN TORO AGUDELO,4.09,7.27,4.20,5.22
105001010111,OFICIAL,6, DOCE DE OCTUBRE,INST EDUC MAESTRO FERNANDO BOTERO,5.26,5.79,5.02,5.4
105001010367,OFICIAL,15, GUAYABAL,INST EDUC SANTOS ANGELES CUSTODIOS,6.58,5.63,4.20,5.77
105001010448,OFICIAL,6, DOCE DE OCTUBRE,INST EDUC LA ESPERANZA,4.07,7.00,7.06,5.69
105001010588,OFICIAL,3, MANRIQUE,INST EDUC FE Y ALEGRIA LA CIMA,5.71,6.34,7.33,6.25
105001010855,OFICIAL,10, LA CANDELARIA,INST EDUC  ANA DE CASTRILLON,4.87,4.26,4.36,4.56
105001010928,NO OFICIAL,5, CASTILLA,CENT EDUCAL DON BOSCO,4.57,4.43,7.64,5.14
105001011011,OFICIAL,7, ROBLEDO,INST EDUC TOMAS CARRASQUILLA NO. 2,6.43,6.21,4.20,5.91
105001011061,OFICIAL,5, CASTILLA,INST EDUC JOSE ASUNCION SILVA,4.51,7.18,5.54,5.65
105001011070,OFICIAL,9, BUENOS AIRES,INST EDUC MERCEDITAS GOMEZ MARTINEZ,4.69,4.43,5.56,4.77
105001011088,OFICIAL,6, DOCE DE OCTUBRE,INST EDUC CIUDADELA LAS AMERICAS,4.3,5.35,5.37,4.88
105001011363,OFICIAL,6, DOCE DE OCTUBRE,INST EDUC DOCE DE OCTUBRE,4.18,3.99,5.07,4.29
105001011461,OFICIAL,7, ROBLEDO,INST EDUC FE Y ALEGRIA AURES,4.28,6.25,7.67,5.65
105001011606,OFICIAL,16, BELEN,INST EDUC HORACIO MU?OZ SUESCUN,3.94,4.17,4.19,4.07
105001011631,OFICIAL,9, BUENOS AIRES,INST EDUC ASAMBLEA DEPARTAMENTAL,5.09,5.49,4.29,5.07
105001011690,OFICIAL,1, POPULAR,INST EDUC FEDERICO CARRASQUILLA,5.3,5.56,7.19,5.77
105001011711,OFICIAL,7, ROBLEDO,INST EDUC FE Y ALEGRIA VILLA DE LA CANDELARIA,4.23,6.41,7.45,5.64
105001011886,OFICIAL,12, LA AMERICA,INST EDUC AMERICA,3.73,5.85,4.96,4.72
105001012076,OFICIAL,7, ROBLEDO,ESCUELA UNIVERSIDAD NACIONAL,6.01,no reporta,no reporta,6.01
105001012092,OFICIAL,6, DOCE DE OCTUBRE,INST EDUC BARRIO SANTANDER,5.11,4.75,4.45,4.85
105001012106,OFICIAL,16, BELEN,INST EDUC JUAN MARIA CESPEDES,5.21,4.34,7.93,5.45
105001012165,OFICIAL,1, POPULAR,I.E. GUADALUPE,5.7,4.53,3.82,4.91
105001012581,OFICIAL,3, MANRIQUE,INSTITUCION EDUCATIVA REINO DE BELGICA,4.14,3.67,3.98,3.94
105001012696,OFICIAL,10, LA CANDELARIA,INST EDUC ALFONSO LOPEZ PUMAREJO,3.87,4.33,7.27,4.71
105001012700,OFICIAL,1, POPULAR,INST EDUC SAN PABLO,4.67,5.85,5.42,5.24
105001013013,OFICIAL,6, DOCE DE OCTUBRE,INSTITUCION EDUCATIVA EL PICACHITO,3.71,5.92,5.11,4.76
105001013072,OFICIAL,5, CASTILLA,INST EDUC MAESTRO PEDRO NEL GOMEZ,4,4.63,7.27,4.87
105001013145,OFICIAL,2, SANTA CRUZ,INST EDUC SANTA TERESA,5.03,7.30,7.31,6.28
105001013340,OFICIAL,14, POBLADO,INST EDUC INEM JOSE FELIX DE RESTREPO,4.96,5.66,7.27,5.67
105001013439,OFICIAL,5, CASTILLA,INST EDUC FELIX DE BEDOUT MORENO,4.13,6.09,7.28,5.44
105001013447,OFICIAL,60, SAN CRISTOBAL,INST EDUC JOSE HORACIO BETANCUR,4.5,3.45,4.12,4.06
105001013633,OFICIAL,60, SAN CRISTOBAL,INST EDUC LOMA HERMOSA,4.13,3.81,3.97,3.99
105001014052,OFICIAL,1, POPULAR,INST EDUC NUEVO HORIZONTE,3.63,4.54,3.46,3.92
105001014397,OFICIAL,7, ROBLEDO,INST EDUC LUIS LOPEZ DE MESA,5.35,4.57,4.43,4.89
105001014851,OFICIAL,7, ROBLEDO,INST EDUC JESUS REY,6.89,5.72,7.45,6.59
105001015091,OFICIAL,1, POPULAR,INST EDUC FE Y ALEGRIA GRANIZAL,4.59,4.78,7.57,5.25
105001015148,OFICIAL,7, ROBLEDO,INST EDUC CAMILO MORA CARRASQUILLA,5.09,4.19,5.43,4.85
105001015172,OFICIAL,13, SAN JAVIER,INST EDUC EDUARDO SANTOS,4.47,3.75,7.16,4.76
105001015211,OFICIAL,8, VILLA HERMOSA,INST EDUC LA LIBERTAD,4.18,4.29,4.44,4.27
105001015831,OFICIAL,7, ROBLEDO,INST EDUC VALLEJUELOS,5.04,5.26,7.53,5.61
105001016420,OFICIAL,5, CASTILLA,INST EDUC TRICENTENARIO,4.23,5.09,5.25,4.74
105001017132,OFICIAL,7, ROBLEDO,INST EDUC FE Y ALEGRIA SAN JOSE,4.65,4.01,4.04,4.3
105001017876,OFICIAL,4, ARANJUEZ,INST EDUC FRANCISCO LUIS HERNANDEZ BETANCUR,3.49,4.14,5.52,4.12
105001017965,OFICIAL,5, CASTILLA,INST EDUC MANUEL JOSE GOMEZ S,5.15,6.13,7.18,5.9
105001018759,OFICIAL,80, SAN ANTONIO DE PRADO,INST EDUC FE Y ALEGRIA EL LIMONAR,4.45,3.84,3.95,4.14
105001019011,OFICIAL,13, SAN JAVIER,I.E. STELLA VELEZ LONDOÑO,3.79,4.95,7.39,4.91
105001019062,OFICIAL,4, ARANJUEZ,INST EDUC ALFONSO MORA NARANJO,4.98,5.74,5.51,5.35
105001019089,OFICIAL,8, VILLA HERMOSA,INST EDUC VIDA PARA TODOS,4.3,4.96,5.91,4.86
105001019143,OFICIAL,6, DOCE DE OCTUBRE,I.E. JORGE ELIECER GAITAN,4.05,3.91,7.10,4.61
105001019194,OFICIAL,6, DOCE DE OCTUBRE,INST EDUC EL PEDREGAL,4.26,3.78,4.77,4.19
105001019305,OFICIAL,1, POPULAR,INST EDUC LA AVANZADA,3.91,5.11,3.97,4.34
105001019330,OFICIAL,60, SAN CRISTOBAL,INST EDUC BARRIO SANTA MARGARITA,5.29,6.02,7.21,5.93
105001019429,OFICIAL,8, VILLA HERMOSA,INST EDUC LUIS CARLOS GALAN SARMIENTO,6.9,4.97,4.96,5.84
105001019453,OFICIAL,2, SANTA CRUZ,INST EDUC VILLA DEL SOCORRO,4.82,5.75,4.14,5.01
105001019534,OFICIAL,3, MANRIQUE,INST EDUC RODRIGO LARA BONILLA,3.94,4.49,5.53,4.45
105001019674,OFICIAL,9, BUENOS AIRES,INST EDUC MIRAFLORES - LUIS EDUARDO VALENCIA GARCIA,4.8,4.20,7.65,5.16
105001019798,OFICIAL,5, CASTILLA,INST EDUC ALFONSO LOPEZ,7.49,5.19,4.24,6.03
105001019925,OFICIAL,16, BELEN,INST EDUC ALCALDIA DE MEDELLIN,4.7,3.95,4.14,4.32
105001020028,OFICIAL,10, LA CANDELARIA,INST EDUC EL SALVADOR,5.66,3.90,4.24,4.76
105001020052,OFICIAL,7, ROBLEDO,INST EDUC RAFAEL GARCIA HERREROS,5.52,3.58,4.25,4.59
105001020206,COBERTURA CONTRATADA,7, ROBLEDO,COL VIDA Y PAZ PROGRESAR,4.27,3.68,no reporta,
105001020273,OFICIAL,7, ROBLEDO,INST EDUC CIUDAD DON BOSCO,4.33,3.65,7.31,4.69
105001020613,COBERTURA CONTRATADA,2, SANTA CRUZ,COL FE Y ALEGRIA EL PLAYON - EN ADMINISTRACION (AC),5.74,3.65,no reporta,
105001021199,OFICIAL,13, SAN JAVIER,INST EDUC LA INDEPENDENCIA,3.91,3.61,4.47,3.92
105001021369,COBERTURA CONTRATADA,13, SAN JAVIER,ESC BARRIO SAN NICOLAS-EN ADMINISTRACION(AC),6.76,5.56,no reporta,
105001021547,OFICIAL,7, ROBLEDO,INST EDUC VILLA FLORA,5.59,4.62,7.37,5.61
105001021636,OFICIAL,6, DOCE DE OCTUBRE,INST EDUC KENNEDY,4.37,3.75,5.34,4.35
105001021873,OFICIAL,8, VILLA HERMOSA,INST EDUC SOL DE ORIENTE,3.98,3.96,5.40,4.26
105001022101,OFICIAL,3, MANRIQUE,INST EDUC LAS NIEVES,4.28,4.84,4.80,4.58
105001023965,OFICIAL,2, SANTA CRUZ,INST EDUC FINCA LA MESA,4.12,3.95,4.12,4.06
105001024073,OFICIAL,6, DOCE DE OCTUBRE,INST EDUC CASD,5.54,3.93,4.49,4.76
105001025763,OFICIAL,70, ALTAVISTA,INST EDUC DEBORA ARANGO PEREZ,4.26,4.84,4.42,4.5
105001025771,OFICIAL,8, VILLA HERMOSA,INST EDUC JOAQUIN VALLEJO ARBELAEZ,4.06,3.85,3.73,3.92
105001025780,OFICIAL,5, CASTILLA,INST EDUC PBRO ANTONIO JOSE BERNAL LONDOÑO SJ,6.59,4.86,5.43,5.75
105001025798,OFICIAL,80, SAN ANTONIO DE PRADO,INST EDUC ANGELA RESTREPO MORENO,4.07,3.77,4.21,4
105001025844,OFICIAL,1, POPULAR,I.E. ANTONIO DERKA - SANTO DOMINGO,4.83,4.85,4.46,4.77
105001025984,OFICIAL,5, CASTILLA,I.E. COLEGIO LOYOLA PARA LA CIENCIA Y LA INNOVACIÓN,,7.71,8.13,
105001025992,OFICIAL,60, SAN CRISTOBAL,I.E. LA HUERTA,7.04,4.51,4.03,5.55
105001026000,OFICIAL,60, SAN CRISTOBAL,I.E. CIUDADELA NUEVO OCCIDENTE,4.43,5.02,5.79,4.91
105001026131,OFICIAL,8, VILLA HERMOSA,I.E. EL PINAL,4.44,6.35,4.01,5.02
105001026352,OFICIAL,13, SAN JAVIER,INSTITUCION EDUCATIVA EL CORAZÓN,3.93,3.95,4.38,4.03
105001026361,OFICIAL,6, DOCE DE OCTUBRE,INSTITUCION EDUCATIVA JESUS MARIA VALLE,4.4,4.47,3.69,4.28
105001026514,OFICIAL,10, LA CANDELARIA,INST EDUC SAN BENITO,4.27,7.03,3.74,5.13
105001026573,OFICIAL,60, SAN CRISTOBAL,IE LUSITANIA- PAZ DE COLOMBIA,5.28,5.41,5.60,5.39
105001026581,OFICIAL,8, VILLA HERMOSA,INST EDUC LA SIERRA,4.92,5.11,5.39,5.08
105001026719,OFICIAL,7, ROBLEDO,INST EDUC RODRIGO ARENAS BENTANCUR,4.19,4.26,3.83,4.14
205001001389,OFICIAL,90, SANTA ELENA,C.E. MEDIA LUNA,5.83,no reporta,no reporta,5.83
205001001672,OFICIAL,80, SAN ANTONIO DE PRADO,INST EDUC MONSEÑOR VICTOR WIEDEMANN,6.51,5.87,7.27,6.44
205001001966,OFICIAL,50, PALMITAS,CENT EDUC LA ALDEA,6.38,no reporta,no reporta,6.38
205001002199,OFICIAL,60, SAN CRISTOBAL,INST EDUC CARLOS ALBERTO CALDERON,5.25,4.49,4.00,4.73
205001002768,OFICIAL,80, SAN ANTONIO DE PRADO,CENT EDUC EL SALADO,4.07,no reporta,no reporta,4.07
205001006119,OFICIAL,90, SANTA ELENA,CENT EDUC JUAN ANDRES PATINO,6.09,no reporta,no reporta,6.09
205001006224,OFICIAL,90, SANTA ELENA,CENT EDUC PERMANENTE MAZO,5.67,no reporta,no reporta,5.67
205001006232,OFICIAL,60, SAN CRISTOBAL,INST EDUC SAN CRISTOBAL,4.53,4.86,5.78,4.89
205001006526,OFICIAL,70, ALTAVISTA,INST EDUC MARINA ORTH,5.02,3.53,5.35,4.56
205001007735,OFICIAL,50, PALMITAS,INST EDUC HECTOR ROGELIO MONTOYA,4.24,6.01,7.23,5.46
205001009797,OFICIAL,80, SAN ANTONIO DE PRADO,INST EDUC MANUEL J. BETANCUR,7.43,6.02,7.29,6.91
205001009916,OFICIAL,70, ALTAVISTA,CENT EDUC EL MANZANILLO,5.44,no reporta,no reporta,5.44
205001010264,OFICIAL,60, SAN CRISTOBAL,I.E. PRESBITERO JUAN J. ESCOBAR,4.25,4.98,4.14,4.48
205001010281,OFICIAL,60, SAN CRISTOBAL,INST EDUC ALFONSO UPEGUI OROZCO,4.27,7.28,4.23,5.32
205001011031,OFICIAL,90, SANTA ELENA,INST EDUC SANTA ELENA,7.48,7.17,7.23,7.32
205001012534,OFICIAL,80, SAN ANTONIO DE PRADO,INST EDUC SAN ANTONIO DE PRADO,3.94,5.06,7.24,4.99
205001014308,OFICIAL,60, SAN CRISTOBAL,CENT EDUC LAS PLAYAS,6.73,no reporta,no reporta,6.73
205001018745,OFICIAL,80, SAN ANTONIO DE PRADO,INST EDUC EL LIMONAR,5.45,4.20,7.24,5.37
205001019318,OFICIAL,80, SAN ANTONIO DE PRADO,INST EDUC SAN JOSE OBRERO,5.65,6.49,7.43,6.3
205001019989,OFICIAL,60, SAN CRISTOBAL,CENT EDUC TRAVESISAS EL MORRO,5.8,no reporta,no reporta,5.8
205001021452,OFICIAL,60, SAN CRISTOBAL,CENT EDUC PEDREGAL ALTO,4.33,no reporta,no reporta,4.33
305001000077,NO OFICIAL,14, POBLADO,EL NUEVO COL THE NEW SCHOOL,5.61,5.69,7.74,6.06
305001000093,NO OFICIAL,10, LA CANDELARIA,I.E. PRADOS VERDES,6.78,4.08,4.19,5.32
305001000450,NO OFICIAL,4, ARANJUEZ,COL DE MARIA,6.86,7.38,7.58,7.19
305001003491,NO OFICIAL,11, LAURELES ESTADIO,COL CALASANZ FEMENINO,7.66,7.85,7.95,7.79
305001003505,NO OFICIAL,12, LA AMERICA,COL SANTA CLARA DE ASIS,6,6.04,8.23,6.46
305001003513,NO OFICIAL,12, LA AMERICA,INST COLOMBO VENEZOLANO,6.8,7.66,7.66,7.27
305001003599,NO OFICIAL,14, POBLADO,COLEGIO SAN JOSE DE LA SALLE,7.91,7.76,7.91,7.86
305001003629,NO OFICIAL,4, ARANJUEZ,INST PEDAG CLARET,6.59,6.04,4.45,5.97
305001003696,NO OFICIAL,16, BELEN,LIC SAN RAFAEL,7.61,7.65,7.48,7.6
305001003734,NO OFICIAL,16, BELEN,INST SAN CARLOS,6,7.65,7.81,6.94
305001003769,NO OFICIAL,14, POBLADO,COL MARYMOUNT,7.99,7.94,7.98,7.97
305001003785,NO OFICIAL,10, LA CANDELARIA,COL MILIT JOSE MARIA CORDOBA,6.45,4.78,4.51,5.48
305001003793,NO OFICIAL,16, BELEN,INST SALESIANO PEDRO JUSTO BERRIO,6.77,7.56,7.91,7.28
305001003904,NO OFICIAL,10, LA CANDELARIA,INST ANTIOQUIA,5.26,5.66,7.88,5.92
305001003947,NO OFICIAL,70, ALTAVISTA,CENT EDUCAL CONQUISTADORES,6.33,7.48,4.33,6.33
305001003955,NO OFICIAL,11, LAURELES ESTADIO,COMUNIDAD COLEGIO DE JESUS MARIA,7.95,8.16,9.24,8.28
305001003963,NO OFICIAL,12, LA AMERICA,LIC SALAZAR Y HERRERA,6.71,7.50,7.68,7.18
305001004161,NO OFICIAL,12, LA AMERICA,COL DE LA PRESENTACION - MEDELLIN,5.93,7.62,7.79,6.89
305001004200,NO OFICIAL,12, LA AMERICA,COL CALASANZ,7.18,8.13,8.37,7.75
305001004218,COBERTURA CONTRATADA,4, ARANJUEZ,COL NUESTRA SENORA DE LOURDES,5.93,7.49,4.51,6.19
305001004293,NO OFICIAL,11, LAURELES ESTADIO,COLEGIO DE LA UNIVERSIDAD PONTIFICIA BOLIVARIANA,6.85,7.74,7.82,7.36
305001004315,NO OFICIAL,14, POBLADO,COL SANTA MARIA DEL ROSARIO,7.77,7.69,7.79,7.74
305001004404,NO OFICIAL,9, BUENOS AIRES,COL EUCARISTICO DE LA MILAGROSA,6.67,5.94,7.63,6.61
305001004455,NO OFICIAL,10, LA CANDELARIA,COL SALESIANO EL SUFRAGIO,7.18,5.95,7.80,6.88
305001004498,NO OFICIAL,11, LAURELES ESTADIO,COL SAN IGNACIO DE LOYOLA,7.84,8.04,9.27,8.2
305001004501,NO OFICIAL,7, ROBLEDO,COL SAGRADOS CORAZONES,6.82,5.98,7.90,6.74
305001004528,COBERTURA CONTRATADA,3, MANRIQUE,COL MARIA REINA DEL CARMELO,5.11,7.35,7.45,6.36
305001004544,COBERTURA CONTRATADA,9, BUENOS AIRES,INST TOMAS CARRASQUILLA,6.25,6.30,4.45,5.91
305001004579,NO OFICIAL,14, POBLADO,COL PALERMO DE SAN JOSE,6.01,7.78,7.83,7
305001004633,NO OFICIAL,11, LAURELES ESTADIO,INST JORGE ROBLEDO,7.9,8.07,9.17,8.21
305001004668,NO OFICIAL,14, POBLADO,COL GIMN LOS PINARES,7.92,8.23,9.18,8.28
305001004731,NO OFICIAL,12, LA AMERICA,COL ATENEO HORIZONTES,5.86,5.98,no reporta,
305001004811,NO OFICIAL,9, BUENOS AIRES,COL DIVINO SALVADOR,7.15,7.61,8.18,7.52
305001004820,NO OFICIAL,4, ARANJUEZ,COL AGUSTINIANO DE SAN NICOLAS,7.02,7.47,7.70,7.31
305001004854,OFICIAL,4, ARANJUEZ,INST EDUC ALVERNIA,4.12,4.17,7.39,4.79
305001004871,NO OFICIAL,3, MANRIQUE,COL PABLO VI,6.08,5.81,7.33,6.23
305001004901,NO OFICIAL,16, BELEN,COL SAN JUAN BOSCO,7.75,7.79,8.09,7.83
305001004943,NO OFICIAL,9, BUENOS AIRES,COL NUESTRA SENORA DEL ROSARIO DE CHIQUINQUIRA,6.79,7.94,8.30,7.5
305001004986,NO OFICIAL,16, BELEN,COL DE LA INMACULADA,7.63,7.76,7.82,7.71
305001004994,NO OFICIAL,12, LA AMERICA,COL SANTA TERESITA,5.85,5.89,7.72,6.24
305001005036,NO OFICIAL,14, POBLADO,COL SAN JOSE DE LAS VEGAS,8.31,8.18,8.13,8.22
305001005109,NO OFICIAL,9, BUENOS AIRES,COL LA ANUNCIACION,6.89,7.59,8.10,7.38
305001005125,NO OFICIAL,14, POBLADO,COL MADRE ANTONIA CERINI,5.11,5.58,7.56,5.76
305001005150,NO OFICIAL,9, BUENOS AIRES,ESC NORMAL SUPERIOR ANTIOQUE?A,6.74,7.58,7.72,7.23
305001005176,NO OFICIAL,11, LAURELES ESTADIO,COL BETHLEMITAS,6.93,7.98,8.22,7.56
305001005184,NO OFICIAL,9, BUENOS AIRES,SEM MENOR DE LA ARQUIDIOCESIS DE MEDELLIN,,7.62,7.95,
305001005214,NO OFICIAL,10, LA CANDELARIA,COL MARIA AUXILIADORA,7.72,8.10,9.10,8.13
305001005257,NO OFICIAL,12, LA AMERICA,COL TERESIANO NSTRA SRA DE LA CANDELARIA,5.95,7.60,8.08,6.95
305001005265,COBERTURA CONTRATADA,14, POBLADO,COL LATINO,6.6,6.61,7.76,6.83
305001005541,NO OFICIAL,13, SAN JAVIER,COL NUESTRA MADRE DE LAS MERCEDES,7.85,7.79,8.63,7.98
305001005567,NO OFICIAL,12, LA AMERICA,COL CORAZONISTA,7.78,7.86,9.00,8.05
305001005621,NO OFICIAL,7, ROBLEDO,COL BARBARA MICARELLI,7.57,7.62,7.88,7.65
305001005893,COBERTURA CONTRATADA,13, SAN JAVIER,COL EL HOGAR DE SU NIÑO,5.1,no reporta,no reporta,5.1
305001005907,NO OFICIAL,4, ARANJUEZ,COL EMILIA RIQUELME,7.73,7.60,7.77,7.7
305001005991,NO OFICIAL,14, POBLADO,GIMN LOS CEDROS,7.28,8.14,7.80,7.68
305001006440,NO OFICIAL,6, DOCE DE OCTUBRE,ESC POPULAR EUCARISTICA ZORAIDA TRUJILLO,5.61,no reporta,no reporta,5.61
305001006458,NO OFICIAL,15, GUAYABAL,ESC POPULAR EUCARISTICA CAMILO C. RESTREPO,7.34,4.96,4.55,5.95
305001006784,NO OFICIAL,14, POBLADO,COL DE LA COMPANIA DE MARIA,7.82,8.07,9.25,8.19
305001006831,NO OFICIAL,14, POBLADO,INST MUSICAL DIEGO ECHAVARRIA,8.09,7.88,9.07,8.21
305001007306,NO OFICIAL,16, BELEN,COL SAN FRANCISCO JAVIER,7,7.75,7.79,7.42
305001007586,NO OFICIAL,14, POBLADO,COL CAMPESTRE LA COLINA,6.87,7.96,9.07,7.69
305001007594,OFICIAL,6, DOCE DE OCTUBRE,INST EDUC SANTA JUANA DE LESTONAC,7.47,7.59,7.57,7.53
305001007861,COBERTURA CONTRATADA,7, ROBLEDO,GIMN GUAYACANES,5.72,5.32,5.02,5.44
305001007969,NO OFICIAL,14, POBLADO,COL NUESTRA SENORA DE LA PROVIDENCIA,6.23,7.90,7.50,7.07
305001009848,NO OFICIAL,9, BUENOS AIRES,I.E. GUADALUPANO LA SALLE,6.04,4.02,7.55,5.63
305001010358,NO OFICIAL,4, ARANJUEZ,COL ADVENTISTA SIMON BOLIVAR,5.97,5.73,4.52,5.6
305001010781,NO OFICIAL,14, POBLADO,COL MONTESSORI,8.14,8.23,9.26,8.39
305001011516,NO OFICIAL,7, ROBLEDO,COLEGIO SANTA BERTILLA BOSCARDIN,7.06,6.11,7.83,6.88
305001011583,NO OFICIAL,14, POBLADO,COL SAN LUCAS,,7.48,7.65,
305001011761,NO OFICIAL,7, ROBLEDO,INST FERRINI - SEDE ROBLEDO,6.84,7.46,7.86,7.26
305001011770,NO OFICIAL,3, MANRIQUE,INST VICARIAL JESUS MAESTRO,4.93,7.33,4.57,5.7
305001011877,NO OFICIAL,5, CASTILLA,ESC JOSE GREGORIO HERNANDEZ,3.19,no reporta,no reporta,3.19
305001012156,COBERTURA CONTRATADA,3, MANRIQUE,CENTRO EDUCATIVO MI DULCE HOGAR,8.17,no reporta,no reporta,8.17
305001012181,COBERTURA CONTRATADA,7, ROBLEDO,COL SAN JUAN EUDES,4.74,4.68,4.26,4.62
305001012857,NO OFICIAL,7, ROBLEDO,COLEGIO VID OBRA DE LA CONGREGACION MARIANA,6.6,7.58,7.59,7.14
305001013195,NO OFICIAL,14, POBLADO,COL MANZANARES,7.37,7.95,7.68,7.64
305001013691,NO OFICIAL,9, BUENOS AIRES,COL ALFRED BINET,6.91,8.01,no reporta,
305001013730,NO OFICIAL,16, BELEN,COL PESTALOZZI,4.49,6.07,5.35,5.21
305001013829,NO OFICIAL,12, LA AMERICA,INST PARRA PARIS,,4.08,5.10,
305001014248,NO OFICIAL,5, CASTILLA,COL PARROQUIAL SAN JUDAS TADEO,4.33,6.61,7.67,5.8
305001014256,NO OFICIAL,5, CASTILLA,COL BAUTISTA DE CASTILLA,6.23,3.57,8.41,5.73
305001014264,NO OFICIAL,11, LAURELES ESTADIO,COL HISPANO,,4.05,4.30,
305001015287,OFICIAL,1, POPULAR,INST EDUC LA CANDELARIA,4.93,4.17,4.46,4.57
305001015686,OFICIAL,5, CASTILLA,INST EDUC MAESTRO ARENAS BETANCUR,5.99,7.46,7.55,6.81
305001015716,NO OFICIAL,5, CASTILLA,COL PARROQUIAL NTRA SEÑORA DEL BUEN CONSEJO,6.71,7.64,7.98,7.29
305001015775,NO OFICIAL,6, DOCE DE OCTUBRE,CENT EDUC INTEG EL PACTO,4.3,no reporta,no reporta,4.3
305001016003,NO OFICIAL,7, ROBLEDO,COL MADRID CAMPESTRE,6.38,6.11,8.18,6.65
305001016089,NO OFICIAL,5, CASTILLA,CENT EDUC AUTONOMO,5.15,6.16,7.58,5.99
305001016101,NO OFICIAL,14, POBLADO,COLEGIO EUSKADI,7.54,4.16,4.54,5.75
305001016127,NO OFICIAL,9, BUENOS AIRES,ESC POPULAR EUCARISTICA ARZOBISPO TULIO BOTERO SALAZAR,4.64,no reporta,no reporta,4.64
305001016275,NO OFICIAL,7, ROBLEDO,COL GUILLERMO TABORDA RESTREPO,6.87,5.84,4.59,6.05
305001016542,OFICIAL,6, DOCE DE OCTUBRE,INST EDUC EL TRIUNFO SANTA TERESA,5.24,6.25,4.23,5.39
305001016798,NO OFICIAL,7, ROBLEDO,PREESC HORMIGUITAS LABORIOSAS  - SEDE ROBLEDO,5.65,no reporta,no reporta,5.65
305001016861,OFICIAL,16, BELEN,INSTITUCION EDUCATIVA PEDAGOGICO INTEGRAL,5.83,3.81,3.79,4.71
305001016984,COBERTURA CONTRATADA,1, POPULAR,ESC POPULAR EUCARISTICA JULIO C. HERNANDEZ,4.11,7.35,no reporta,
305001017115,COBERTURA CONTRATADA,10, LA CANDELARIA,CENT EDUC CASA MAMA MARGARITA,7.3,8.08,no reporta,
305001017298,COBERTURA CONTRATADA,13, SAN JAVIER,COL ARENYS DEL MAR,5.17,5.85,7.52,5.88
305001017590,NO OFICIAL,16, BELEN,COL PADRE MANYANET,6.88,7.68,8.03,7.39
305001017719,NO OFICIAL,7, ROBLEDO,CENT EDUC GUILLERMO GULLIVER,5.11,no reporta,no reporta,5.11
305001018022,OFICIAL,4, ARANJUEZ,INST EDUC FE Y ALEGRIA LUIS AMIGO,5.74,6.72,7.31,6.4
305001018286,NO OFICIAL,15, GUAYABAL,COL SAN GABRIEL DE LA DOLOROSA,7.55,7.73,7.36,7.58
305001018421,COBERTURA CONTRATADA,6, DOCE DE OCTUBRE,CENT EDUC JESUS AMIGO,5.73,4.02,5.46,5.07
305001018839,OFICIAL,9, BUENOS AIRES,INST EDUC MADRE LAURA,5.84,6.24,7.70,6.35
305001018898,NO OFICIAL,7, ROBLEDO,CENT EDUC SENDEROS INFES,8.11,no reporta,no reporta,8.11
305001019169,NO OFICIAL,5, CASTILLA,INST PEDAGOGICO ALFA,8.06,no reporta,no reporta,8.06
305001019509,COBERTURA CONTRATADA,1, POPULAR,ESC HERMANA ALCIRA CASTRO OSORIO,5.67,no reporta,no reporta,5.67
305001019525,COBERTURA CONTRATADA,1, POPULAR,CENT DE EDUC INTEG LAS COMETAS,5.57,no reporta,no reporta,5.57
305001019541,COBERTURA CONTRATADA,3, MANRIQUE,COL NINO JESUS,5.62,no reporta,no reporta,5.62
305001019614,NO OFICIAL,10, LA CANDELARIA,CENT EDUC EL PRINCIPITO FELIZ,7.83,no reporta,no reporta,7.83
305001019690,OFICIAL,9, BUENOS AIRES,INST EDUC ARZOBISPO TULIO BOTERO SALAZAR,4.58,5.92,4.12,4.96
305001019827,NO OFICIAL,7, ROBLEDO,COL PANAMERICANO COLOMBO SUECO,6.98,7.77,8.38,7.54
305001019975,NO OFICIAL,60, SAN CRISTOBAL,CENT EDUC INTEG BUCARELLY,7.37,8.26,7.88,7.78
305001020094,COBERTURA CONTRATADA,1, POPULAR,COL EMAUS,6.34,5.70,4.61,5.77
305001020281,NO OFICIAL,7, ROBLEDO,COL MUSICAL LAS COMETAS,5.17,no reporta,no reporta,5.17
305001020337,NO OFICIAL,13, SAN JAVIER,COL CAMINOS ABIERTOS,4.47,no reporta,no reporta,4.47
305001021228,NO OFICIAL,16, BELEN,CENT EDUC LOS PIONEROS,4.93,no reporta,no reporta,4.93
305001021244,NO OFICIAL,10, LA CANDELARIA,COL ANTARES,6.1,3.83,no reporta,
305001021261,COBERTURA CONTRATADA,4, ARANJUEZ,COL GENTE UNIDA JOVENES POR LA PAZ - MORAVIA,6.59,no reporta,no reporta,6.59
305001021392,NO OFICIAL,6, DOCE DE OCTUBRE,CENT EDUC SAN ANTONIO DE PADUA,7.39,no reporta,no reporta,7.39
305001021520,NO OFICIAL,7, ROBLEDO,CENT EDUC LA CAMPIÃA,7.64,no reporta,no reporta,7.64
305001021821,COBERTURA CONTRATADA,1, POPULAR,COL GENTE UNIDA JOVENES POR LA PAZ-SANTO DOMINGO,4.01,3.87,4.73,4.1
305001021881,NO OFICIAL,10, LA CANDELARIA,COL MILIT GENERAL PEDRO NEL OSPINA,6.76,4.11,7.42,5.96
305001022089,NO OFICIAL,4, ARANJUEZ,CENT INTEGL MOMENTOS FELICES,8.83,no reporta,no reporta,8.83
305001022135,COBERTURA CONTRATADA,1, POPULAR,CENT EDUC SAN VICENTE DE PAUL,4.77,no reporta,no reporta,4.77
305001022178,COBERTURA CONTRATADA,7, ROBLEDO,INST CORFERRINI - SEDE ROBLEDO,7.41,4.66,4.32,5.83
305001022194,COBERTURA CONTRATADA,1, POPULAR,COL FE Y ALEGRIA SANTA MARIA,5.08,6.96,4.70,5.66
305001022232,OFICIAL,7, ROBLEDO,INST EDUC  BARRIO OLAYA HERRERA,4.24,3.60,4.83,4.13
305001022259,COBERTURA CONTRATADA,13, SAN JAVIER,INST CORFERRINI - SEDE LA DIVISA,6.82,5.83,4.12,5.93
305001022291,NO OFICIAL,14, POBLADO,COL EL SEÑOR COL THE LORD COLLEGE,8.15,5.81,7.53,7.21
305001022453,COBERTURA CONTRATADA,3, MANRIQUE,CENT PEDAG LA MAGIA DE APRENDER,7.64,no reporta,no reporta,7.64
305001022470,NO OFICIAL,11, LAURELES ESTADIO,COL LUJAN,,3.36,7.61,
305001022496,COBERTURA CONTRATADA,1, POPULAR,INSTITUCIÓN EDUCATIVA PEQUEÑA MARIA,6.63,7.66,3.96,6.45
305001022518,COBERTURA CONTRATADA,10, LA CANDELARIA,COL COMBOS COMUNIDAD EDUCATIVA DE BASE,5.73,no reporta,no reporta,5.73
305001022534,COBERTURA CONTRATADA,16, BELEN,COL GENTE UNIDA JOVENES POR LA PAZ - SEDE VILLA CAFE,7.79,no reporta,no reporta,7.79
305001022551,COBERTURA CONTRATADA,16, BELEN,COL BARRIO BLANQUIZAL EN ADMINISTRACION (AC),4.77,5.87,no reporta,
305001022569,COBERTURA CONTRATADA,13, SAN JAVIER,COL FUNDADORES EN ADMINISTRACION (AC),3.91,3.81,no reporta,
305001022631,COBERTURA CONTRATADA,10, LA CANDELARIA,CORP ESC EMPRESARIAL DE EDUCACION,7.12,no reporta,no reporta,7.12
305001022640,OFICIAL,4, ARANJUEZ,I.E. EL BOSQUE,4.15,5.87,5.06,4.94
305001023859,NO OFICIAL,7, ROBLEDO,I.E BETHESDA,6.74,5.41,no reporta,
305001024125,NO OFICIAL,5, CASTILLA,CENT EDUC MOMO,6.99,no reporta,no reporta,6.99
305001024229,COBERTURA CONTRATADA,60, SAN CRISTOBAL,CORPORACION CIER,,3.69,3.73,
305001024236,COBERTURA CONTRATADA,6, DOCE DE OCTUBRE,CENTRO EDUCATIVO HOGAR JESÚS REDENTOR,7.14,no reporta,no reporta,7.14
305001024393,NO OFICIAL,4, ARANJUEZ,CENT EDUC PARAISOS DE COLOR,8.08,no reporta,no reporta,8.08
305001024419,NO OFICIAL,7, ROBLEDO,COL ANTARES,5.61,5.59,7.44,5.97
305001024569,NO OFICIAL,10, LA CANDELARIA,COL CIENCIA Y VIDA,7.69,5.98,7.68,7.09
305001025118,NO OFICIAL,4, ARANJUEZ,CENT EDUC SOL Y LUNA,7.92,no reporta,no reporta,7.92
305001025185,COBERTURA CONTRATADA,8, VILLA HERMOSA,COL BASICO CAMINO DE PAZ,5.69,5.64,3.82,5.3
305001025487,NO OFICIAL,8, VILLA HERMOSA,CENT EDUC CAICEDO,7.23,no reporta,no reporta,7.23
305001025592,COBERTURA CONTRATADA,80, SAN ANTONIO DE PRADO,COLEGIO EMPRESARIAL,6.67,7.67,7.83,7.25
305001025606,COBERTURA CONTRATADA,50, PALMITAS,CIBERCOLEGIO UCN,6.84,5.87,5.92,6.31
305001025622,COBERTURA CONTRATADA,3, MANRIQUE,CENT EDUC NUEVO AMANECER,7.92,no reporta,no reporta,7.92
305001025711,NO OFICIAL,2, SANTA CRUZ,CENT EDUC REVIVIR,6.68,7.52,no reporta,
305001025819,NO OFICIAL,10, LA CANDELARIA,COL CENT FRATERNAL CRISTIANO,6.32,6.20,7.53,6.52
305001025860,NO OFICIAL,60, SAN CRISTOBAL,CENT EDUC INTEG CAMPESTRE SENDEROS DE PAZ,4.94,no reporta,no reporta,4.94
305001025886,NO OFICIAL,6, DOCE DE OCTUBRE,C.E. MI SEGUNDO HOGAR,5.37,no reporta,no reporta,5.37
305001025894,NO OFICIAL,6, DOCE DE OCTUBRE,C.E. MARLUC,7.36,no reporta,no reporta,7.36
305001025932,NO OFICIAL,12, LA AMERICA,C.E. ESCOLARTE,4.48,no reporta,no reporta,4.48
305001026041,NO OFICIAL,14, POBLADO,COL HERALDOS DEL EVANGELIO,4.66,8.19,no reporta,
305001026181,NO OFICIAL,8, VILLA HERMOSA,C.E. AMIGUITOS CREATIVOS,7.28,no reporta,no reporta,7.28
305001026335,NO OFICIAL,3, MANRIQUE,COLEGIO BÁSICO SANTA MARIA DE LA CRUZ,5.38,no reporta,no reporta,5.38
305001026343,COBERTURA CONTRATADA,7, ROBLEDO,COLEGIO LUIS AMIGO Y FERRER,,no reporta,3.88,3.88
405001013912,COBERTURA CONTRATADA,60, SAN CRISTOBAL,ESC POPULAR EUCARISTICA SANTA ANGELA,6.99,no reporta,no reporta,6.99
405001016946,COBERTURA CONTRATADA,80, SAN ANTONIO DE PRADO,COL COOP SAN ANTONIO DE PRADO (AC),5.02,7.39,no reporta,
405001018213,COBERTURA CONTRATADA,8, VILLA HERMOSA,COLEGIO CEDEPRO,5.66,6.16,2.96,5.29
405001020374,COBERTURA CONTRATADA,8, VILLA HERMOSA,COL FE Y ALEGRIA CORVIDE (AC),4.66,5.43,no reporta,
405001022181,COBERTURA CONTRATADA,8, VILLA HERMOSA,ESC RURAL PRADITO EN ADMINISTRACION (AC),4.4,3.82,no reporta,
405001026500,NO OFICIAL,12, LA AMERICA,COL EDIFICANDO VIDAS,5.33,no reporta,no reporta,5.33
